date,movement,quality,expression,BenchmarkPct,player
2024-08-05,Agility,Acceleration,Isometric,102.65,Kepa Arrizabalaga
2024-08-05,Agility,Acceleration,Dynamic,100.9,Kepa Arrizabalaga
2024-08-05,Sprint,Max velocity,Isometric,98.74,Kepa Arrizabalaga
2024-08-05,Sprint,Max velocity,Dynamic,104.6,Kepa Arrizabalaga
2024-08-05,Upper Body,Push,Isometric,105.81,Kepa Arrizabalaga
2024-08-05,Upper Body,Push,Dynamic,96.97,Kepa Arrizabalaga
2024-08-05,Upper Body,Pull,Isometric,90.71,Kepa Arrizabalaga
2024-08-05,Upper Body,Pull,Dynamic,103.49,Kepa Arrizabalaga
2024-08-05,Jump,Take off,Isometric,107.86,Kepa Arrizabalaga
2024-08-05,Jump,Take off,Dynamic,91.88,Kepa Arrizabalaga
2024-08-05,Jump,Land,Isometric,102.43,Kepa Arrizabalaga
2024-08-05,Jump,Land,Dynamic,97.05,Kepa Arrizabalaga
2024-08-05,Agility,Acceleration,Isometric,107.38,Édouard Mendy
2024-08-05,Agility,Acceleration,Dynamic,102.4,Édouard Mendy
2024-08-05,Sprint,Max velocity,Isometric,95.09,Édouard Mendy
2024-08-05,Sprint,Max velocity,Dynamic,99.18,Édouard Mendy
2024-08-05,Upper Body,Push,Isometric,105.65,Édouard Mendy
2024-08-05,Upper Body,Push,Dynamic,104.86,Édouard Mendy
2024-08-05,Upper Body,Pull,Isometric,96.4,Édouard Mendy
2024-08-05,Upper Body,Pull,Dynamic,90.14,Édouard Mendy
2024-08-05,Jump,Take off,Isometric,99.5,Édouard Mendy
2024-08-05,Jump,Take off,Dynamic,96.2,Édouard Mendy
2024-08-05,Jump,Land,Isometric,93.9,Édouard Mendy
2024-08-05,Jump,Land,Dynamic,100.26,Édouard Mendy
2024-08-05,Agility,Acceleration,Isometric,103.08,Reece James
2024-08-05,Agility,Acceleration,Dynamic,107.23,Reece James
2024-08-05,Sprint,Max velocity,Isometric,109.29,Reece James
2024-08-05,Sprint,Max velocity,Dynamic,97.76,Reece James
2024-08-05,Upper Body,Push,Isometric,97.77,Reece James
2024-08-05,Upper Body,Push,Dynamic,103.01,Reece James
2024-08-05,Upper Body,Pull,Isometric,101.64,Reece James
2024-08-05,Upper Body,Pull,Dynamic,103.12,Reece James
2024-08-05,Jump,Take off,Isometric,108.49,Reece James
2024-08-05,Jump,Take off,Dynamic,105.82,Reece James
2024-08-05,Jump,Land,Isometric,107.8,Reece James
2024-08-05,Jump,Land,Dynamic,91.8,Reece James
2024-08-05,Agility,Acceleration,Isometric,100.62,Ben Chilwell
2024-08-05,Agility,Acceleration,Dynamic,97.2,Ben Chilwell
2024-08-05,Sprint,Max velocity,Isometric,100.48,Ben Chilwell
2024-08-05,Sprint,Max velocity,Dynamic,106.15,Ben Chilwell
2024-08-05,Upper Body,Push,Isometric,94.05,Ben Chilwell
2024-08-05,Upper Body,Push,Dynamic,102.07,Ben Chilwell
2024-08-05,Upper Body,Pull,Isometric,108.51,Ben Chilwell
2024-08-05,Upper Body,Pull,Dynamic,105.41,Ben Chilwell
2024-08-05,Jump,Take off,Isometric,106.67,Ben Chilwell
2024-08-05,Jump,Take off,Dynamic,97.42,Ben Chilwell
2024-08-05,Jump,Land,Isometric,107.47,Ben Chilwell
2024-08-05,Jump,Land,Dynamic,91.58,Ben Chilwell
2024-08-05,Agility,Acceleration,Isometric,100.13,César Azpilicueta
2024-08-05,Agility,Acceleration,Dynamic,105.51,César Azpilicueta
2024-08-05,Sprint,Max velocity,Isometric,108.32,César Azpilicueta
2024-08-05,Sprint,Max velocity,Dynamic,100.68,César Azpilicueta
2024-08-05,Upper Body,Push,Isometric,92.05,César Azpilicueta
2024-08-05,Upper Body,Push,Dynamic,92.74,César Azpilicueta
2024-08-05,Upper Body,Pull,Isometric,92.46,César Azpilicueta
2024-08-05,Upper Body,Pull,Dynamic,101.79,César Azpilicueta
2024-08-05,Jump,Take off,Isometric,109.63,César Azpilicueta
2024-08-05,Jump,Take off,Dynamic,106.26,César Azpilicueta
2024-08-05,Jump,Land,Isometric,102.4,César Azpilicueta
2024-08-05,Jump,Land,Dynamic,103.78,César Azpilicueta
2024-08-05,Agility,Acceleration,Isometric,98.3,Andreas Christensen
2024-08-05,Agility,Acceleration,Dynamic,91.84,Andreas Christensen
2024-08-05,Sprint,Max velocity,Isometric,107.53,Andreas Christensen
2024-08-05,Sprint,Max velocity,Dynamic,99.07,Andreas Christensen
2024-08-05,Upper Body,Push,Isometric,94.23,Andreas Christensen
2024-08-05,Upper Body,Push,Dynamic,92.78,Andreas Christensen
2024-08-05,Upper Body,Pull,Isometric,90.73,Andreas Christensen
2024-08-05,Upper Body,Pull,Dynamic,99.58,Andreas Christensen
2024-08-05,Jump,Take off,Isometric,101.2,Andreas Christensen
2024-08-05,Jump,Take off,Dynamic,94.0,Andreas Christensen
2024-08-05,Jump,Land,Isometric,90.58,Andreas Christensen
2024-08-05,Jump,Land,Dynamic,109.21,Andreas Christensen
2024-08-05,Agility,Acceleration,Isometric,104.91,Marcos Alonso
2024-08-05,Agility,Acceleration,Dynamic,92.68,Marcos Alonso
2024-08-05,Sprint,Max velocity,Isometric,93.8,Marcos Alonso
2024-08-05,Sprint,Max velocity,Dynamic,106.12,Marcos Alonso
2024-08-05,Upper Body,Push,Isometric,101.36,Marcos Alonso
2024-08-05,Upper Body,Push,Dynamic,91.5,Marcos Alonso
2024-08-05,Upper Body,Pull,Isometric,102.66,Marcos Alonso
2024-08-05,Upper Body,Pull,Dynamic,100.84,Marcos Alonso
2024-08-05,Jump,Take off,Isometric,95.3,Marcos Alonso
2024-08-05,Jump,Take off,Dynamic,106.0,Marcos Alonso
2024-08-05,Jump,Land,Isometric,91.51,Marcos Alonso
2024-08-05,Jump,Land,Dynamic,99.04,Marcos Alonso
2024-08-05,Agility,Acceleration,Isometric,94.98,N'Golo Kanté
2024-08-05,Agility,Acceleration,Dynamic,105.64,N'Golo Kanté
2024-08-05,Sprint,Max velocity,Isometric,94.07,N'Golo Kanté
2024-08-05,Sprint,Max velocity,Dynamic,97.85,N'Golo Kanté
2024-08-05,Upper Body,Push,Isometric,105.64,N'Golo Kanté
2024-08-05,Upper Body,Push,Dynamic,97.21,N'Golo Kanté
2024-08-05,Upper Body,Pull,Isometric,107.6,N'Golo Kanté
2024-08-05,Upper Body,Pull,Dynamic,109.73,N'Golo Kanté
2024-08-05,Jump,Take off,Isometric,98.07,N'Golo Kanté
2024-08-05,Jump,Take off,Dynamic,100.93,N'Golo Kanté
2024-08-05,Jump,Land,Isometric,97.32,N'Golo Kanté
2024-08-05,Jump,Land,Dynamic,91.07,N'Golo Kanté
2024-08-05,Agility,Acceleration,Isometric,98.13,Jorginho
2024-08-05,Agility,Acceleration,Dynamic,98.55,Jorginho
2024-08-05,Sprint,Max velocity,Isometric,91.71,Jorginho
2024-08-05,Sprint,Max velocity,Dynamic,103.82,Jorginho
2024-08-05,Upper Body,Push,Isometric,92.9,Jorginho
2024-08-05,Upper Body,Push,Dynamic,90.59,Jorginho
2024-08-05,Upper Body,Pull,Isometric,103.05,Jorginho
2024-08-05,Upper Body,Pull,Dynamic,106.06,Jorginho
2024-08-05,Jump,Take off,Isometric,109.53,Jorginho
2024-08-05,Jump,Take off,Dynamic,101.32,Jorginho
2024-08-05,Jump,Land,Isometric,107.01,Jorginho
2024-08-05,Jump,Land,Dynamic,108.63,Jorginho
2024-08-05,Agility,Acceleration,Isometric,108.92,Mason Mount
2024-08-05,Agility,Acceleration,Dynamic,109.37,Mason Mount
2024-08-05,Sprint,Max velocity,Isometric,95.98,Mason Mount
2024-08-05,Sprint,Max velocity,Dynamic,100.22,Mason Mount
2024-08-05,Upper Body,Push,Isometric,95.99,Mason Mount
2024-08-05,Upper Body,Push,Dynamic,94.84,Mason Mount
2024-08-05,Upper Body,Pull,Isometric,98.42,Mason Mount
2024-08-05,Upper Body,Pull,Dynamic,108.91,Mason Mount
2024-08-05,Jump,Take off,Isometric,101.99,Mason Mount
2024-08-05,Jump,Take off,Dynamic,97.66,Mason Mount
2024-08-05,Jump,Land,Isometric,96.21,Mason Mount
2024-08-05,Jump,Land,Dynamic,104.38,Mason Mount
2024-08-05,Agility,Acceleration,Isometric,107.51,Kai Havertz
2024-08-05,Agility,Acceleration,Dynamic,92.36,Kai Havertz
2024-08-05,Sprint,Max velocity,Isometric,104.95,Kai Havertz
2024-08-05,Sprint,Max velocity,Dynamic,90.0,Kai Havertz
2024-08-05,Upper Body,Push,Isometric,104.61,Kai Havertz
2024-08-05,Upper Body,Push,Dynamic,104.21,Kai Havertz
2024-08-05,Upper Body,Pull,Isometric,103.54,Kai Havertz
2024-08-05,Upper Body,Pull,Dynamic,109.75,Kai Havertz
2024-08-05,Jump,Take off,Isometric,104.19,Kai Havertz
2024-08-05,Jump,Take off,Dynamic,90.18,Kai Havertz
2024-08-05,Jump,Land,Isometric,99.44,Kai Havertz
2024-08-05,Jump,Land,Dynamic,101.34,Kai Havertz
2024-08-05,Agility,Acceleration,Isometric,101.07,Christian Pulisic
2024-08-05,Agility,Acceleration,Dynamic,103.68,Christian Pulisic
2024-08-05,Sprint,Max velocity,Isometric,100.68,Christian Pulisic
2024-08-05,Sprint,Max velocity,Dynamic,91.66,Christian Pulisic
2024-08-05,Upper Body,Push,Isometric,97.95,Christian Pulisic
2024-08-05,Upper Body,Push,Dynamic,103.23,Christian Pulisic
2024-08-05,Upper Body,Pull,Isometric,95.3,Christian Pulisic
2024-08-05,Upper Body,Pull,Dynamic,96.46,Christian Pulisic
2024-08-05,Jump,Take off,Isometric,90.66,Christian Pulisic
2024-08-05,Jump,Take off,Dynamic,106.97,Christian Pulisic
2024-08-05,Jump,Land,Isometric,102.21,Christian Pulisic
2024-08-05,Jump,Land,Dynamic,94.6,Christian Pulisic
2024-08-05,Agility,Acceleration,Isometric,104.42,Mateo Kovačić
2024-08-05,Agility,Acceleration,Dynamic,106.55,Mateo Kovačić
2024-08-05,Sprint,Max velocity,Isometric,99.36,Mateo Kovačić
2024-08-05,Sprint,Max velocity,Dynamic,94.84,Mateo Kovačić
2024-08-05,Upper Body,Push,Isometric,94.97,Mateo Kovačić
2024-08-05,Upper Body,Push,Dynamic,104.57,Mateo Kovačić
2024-08-05,Upper Body,Pull,Isometric,106.27,Mateo Kovačić
2024-08-05,Upper Body,Pull,Dynamic,101.11,Mateo Kovačić
2024-08-05,Jump,Take off,Isometric,99.39,Mateo Kovačić
2024-08-05,Jump,Take off,Dynamic,95.56,Mateo Kovačić
2024-08-05,Jump,Land,Isometric,95.17,Mateo Kovačić
2024-08-05,Jump,Land,Dynamic,92.03,Mateo Kovačić
2024-08-05,Agility,Acceleration,Isometric,107.79,Conor Gallagher
2024-08-05,Agility,Acceleration,Dynamic,101.21,Conor Gallagher
2024-08-05,Sprint,Max velocity,Isometric,98.16,Conor Gallagher
2024-08-05,Sprint,Max velocity,Dynamic,105.15,Conor Gallagher
2024-08-05,Upper Body,Push,Isometric,91.39,Conor Gallagher
2024-08-05,Upper Body,Push,Dynamic,102.54,Conor Gallagher
2024-08-05,Upper Body,Pull,Isometric,92.38,Conor Gallagher
2024-08-05,Upper Body,Pull,Dynamic,101.0,Conor Gallagher
2024-08-05,Jump,Take off,Isometric,92.13,Conor Gallagher
2024-08-05,Jump,Take off,Dynamic,107.98,Conor Gallagher
2024-08-05,Jump,Land,Isometric,92.0,Conor Gallagher
2024-08-05,Jump,Land,Dynamic,105.99,Conor Gallagher
2024-08-05,Agility,Acceleration,Isometric,99.25,Timo Werner
2024-08-05,Agility,Acceleration,Dynamic,95.11,Timo Werner
2024-08-05,Sprint,Max velocity,Isometric,93.38,Timo Werner
2024-08-05,Sprint,Max velocity,Dynamic,95.3,Timo Werner
2024-08-05,Upper Body,Push,Isometric,90.97,Timo Werner
2024-08-05,Upper Body,Push,Dynamic,91.89,Timo Werner
2024-08-05,Upper Body,Pull,Isometric,107.11,Timo Werner
2024-08-05,Upper Body,Pull,Dynamic,96.81,Timo Werner
2024-08-05,Jump,Take off,Isometric,94.05,Timo Werner
2024-08-05,Jump,Take off,Dynamic,102.7,Timo Werner
2024-08-05,Jump,Land,Isometric,107.83,Timo Werner
2024-08-05,Jump,Land,Dynamic,101.47,Timo Werner
2024-08-05,Agility,Acceleration,Isometric,94.42,Olivier Giroud
2024-08-05,Agility,Acceleration,Dynamic,98.7,Olivier Giroud
2024-08-05,Sprint,Max velocity,Isometric,95.98,Olivier Giroud
2024-08-05,Sprint,Max velocity,Dynamic,109.7,Olivier Giroud
2024-08-05,Upper Body,Push,Isometric,91.53,Olivier Giroud
2024-08-05,Upper Body,Push,Dynamic,104.47,Olivier Giroud
2024-08-05,Upper Body,Pull,Isometric,98.46,Olivier Giroud
2024-08-05,Upper Body,Pull,Dynamic,109.6,Olivier Giroud
2024-08-05,Jump,Take off,Isometric,92.5,Olivier Giroud
2024-08-05,Jump,Take off,Dynamic,102.54,Olivier Giroud
2024-08-05,Jump,Land,Isometric,95.17,Olivier Giroud
2024-08-05,Jump,Land,Dynamic,104.67,Olivier Giroud
2024-08-05,Agility,Acceleration,Isometric,95.7,Tammy Abraham
2024-08-05,Agility,Acceleration,Dynamic,101.58,Tammy Abraham
2024-08-05,Sprint,Max velocity,Isometric,109.77,Tammy Abraham
2024-08-05,Sprint,Max velocity,Dynamic,103.38,Tammy Abraham
2024-08-05,Upper Body,Push,Isometric,92.4,Tammy Abraham
2024-08-05,Upper Body,Push,Dynamic,93.98,Tammy Abraham
2024-08-05,Upper Body,Pull,Isometric,97.45,Tammy Abraham
2024-08-05,Upper Body,Pull,Dynamic,102.06,Tammy Abraham
2024-08-05,Jump,Take off,Isometric,96.86,Tammy Abraham
2024-08-05,Jump,Take off,Dynamic,96.17,Tammy Abraham
2024-08-05,Jump,Land,Isometric,92.51,Tammy Abraham
2024-08-05,Jump,Land,Dynamic,94.17,Tammy Abraham
2024-08-05,Agility,Acceleration,Isometric,105.97,Armando Broja
2024-08-05,Agility,Acceleration,Dynamic,99.65,Armando Broja
2024-08-05,Sprint,Max velocity,Isometric,105.42,Armando Broja
2024-08-05,Sprint,Max velocity,Dynamic,93.57,Armando Broja
2024-08-05,Upper Body,Push,Isometric,106.97,Armando Broja
2024-08-05,Upper Body,Push,Dynamic,101.16,Armando Broja
2024-08-05,Upper Body,Pull,Isometric,96.47,Armando Broja
2024-08-05,Upper Body,Pull,Dynamic,99.23,Armando Broja
2024-08-05,Jump,Take off,Isometric,99.38,Armando Broja
2024-08-05,Jump,Take off,Dynamic,94.72,Armando Broja
2024-08-05,Jump,Land,Isometric,98.76,Armando Broja
2024-08-05,Jump,Land,Dynamic,106.78,Armando Broja
2024-08-05,Agility,Acceleration,Isometric,93.46,Ross Barkley
2024-08-05,Agility,Acceleration,Dynamic,101.7,Ross Barkley
2024-08-05,Sprint,Max velocity,Isometric,107.12,Ross Barkley
2024-08-05,Sprint,Max velocity,Dynamic,104.89,Ross Barkley
2024-08-05,Upper Body,Push,Isometric,105.13,Ross Barkley
2024-08-05,Upper Body,Push,Dynamic,104.53,Ross Barkley
2024-08-05,Upper Body,Pull,Isometric,94.49,Ross Barkley
2024-08-05,Upper Body,Pull,Dynamic,91.06,Ross Barkley
2024-08-05,Jump,Take off,Isometric,108.89,Ross Barkley
2024-08-05,Jump,Take off,Dynamic,105.09,Ross Barkley
2024-08-05,Jump,Land,Isometric,94.03,Ross Barkley
2024-08-05,Jump,Land,Dynamic,109.65,Ross Barkley
2024-08-05,Agility,Acceleration,Isometric,101.16,Callum Hudson-Odoi
2024-08-05,Agility,Acceleration,Dynamic,90.16,Callum Hudson-Odoi
2024-08-05,Sprint,Max velocity,Isometric,101.3,Callum Hudson-Odoi
2024-08-05,Sprint,Max velocity,Dynamic,109.77,Callum Hudson-Odoi
2024-08-05,Upper Body,Push,Isometric,103.14,Callum Hudson-Odoi
2024-08-05,Upper Body,Push,Dynamic,93.34,Callum Hudson-Odoi
2024-08-05,Upper Body,Pull,Isometric,109.2,Callum Hudson-Odoi
2024-08-05,Upper Body,Pull,Dynamic,98.94,Callum Hudson-Odoi
2024-08-05,Jump,Take off,Isometric,94.9,Callum Hudson-Odoi
2024-08-05,Jump,Take off,Dynamic,109.76,Callum Hudson-Odoi
2024-08-05,Jump,Land,Isometric,97.8,Callum Hudson-Odoi
2024-08-05,Jump,Land,Dynamic,98.91,Callum Hudson-Odoi
2024-08-05,Agility,Acceleration,Isometric,107.84,Emerson Palmieri
2024-08-05,Agility,Acceleration,Dynamic,99.94,Emerson Palmieri
2024-08-05,Sprint,Max velocity,Isometric,103.39,Emerson Palmieri
2024-08-05,Sprint,Max velocity,Dynamic,96.43,Emerson Palmieri
2024-08-05,Upper Body,Push,Isometric,95.51,Emerson Palmieri
2024-08-05,Upper Body,Push,Dynamic,99.63,Emerson Palmieri
2024-08-05,Upper Body,Pull,Isometric,97.69,Emerson Palmieri
2024-08-05,Upper Body,Pull,Dynamic,101.26,Emerson Palmieri
2024-08-05,Jump,Take off,Isometric,109.98,Emerson Palmieri
2024-08-05,Jump,Take off,Dynamic,109.26,Emerson Palmieri
2024-08-05,Jump,Land,Isometric,95.54,Emerson Palmieri
2024-08-05,Jump,Land,Dynamic,90.64,Emerson Palmieri
2024-08-05,Agility,Acceleration,Isometric,101.33,Ricardo Pereira
2024-08-05,Agility,Acceleration,Dynamic,98.41,Ricardo Pereira
2024-08-05,Sprint,Max velocity,Isometric,90.07,Ricardo Pereira
2024-08-05,Sprint,Max velocity,Dynamic,106.99,Ricardo Pereira
2024-08-05,Upper Body,Push,Isometric,94.82,Ricardo Pereira
2024-08-05,Upper Body,Push,Dynamic,92.99,Ricardo Pereira
2024-08-05,Upper Body,Pull,Isometric,107.72,Ricardo Pereira
2024-08-05,Upper Body,Pull,Dynamic,100.57,Ricardo Pereira
2024-08-05,Jump,Take off,Isometric,103.4,Ricardo Pereira
2024-08-05,Jump,Take off,Dynamic,94.11,Ricardo Pereira
2024-08-05,Jump,Land,Isometric,93.87,Ricardo Pereira
2024-08-05,Jump,Land,Dynamic,102.87,Ricardo Pereira
2024-08-05,Agility,Acceleration,Isometric,90.46,João Félix
2024-08-05,Agility,Acceleration,Dynamic,98.2,João Félix
2024-08-05,Sprint,Max velocity,Isometric,107.21,João Félix
2024-08-05,Sprint,Max velocity,Dynamic,96.81,João Félix
2024-08-05,Upper Body,Push,Isometric,98.71,João Félix
2024-08-05,Upper Body,Push,Dynamic,93.63,João Félix
2024-08-05,Upper Body,Pull,Isometric,99.86,João Félix
2024-08-05,Upper Body,Pull,Dynamic,101.61,João Félix
2024-08-05,Jump,Take off,Isometric,93.72,João Félix
2024-08-05,Jump,Take off,Dynamic,102.31,João Félix
2024-08-05,Jump,Land,Isometric,108.93,João Félix
2024-08-05,Jump,Land,Dynamic,101.15,João Félix
2024-08-05,Agility,Acceleration,Isometric,108.49,Hakim Ziyech
2024-08-05,Agility,Acceleration,Dynamic,109.21,Hakim Ziyech
2024-08-05,Sprint,Max velocity,Isometric,94.37,Hakim Ziyech
2024-08-05,Sprint,Max velocity,Dynamic,99.45,Hakim Ziyech
2024-08-05,Upper Body,Push,Isometric,96.01,Hakim Ziyech
2024-08-05,Upper Body,Push,Dynamic,108.99,Hakim Ziyech
2024-08-05,Upper Body,Pull,Isometric,100.24,Hakim Ziyech
2024-08-05,Upper Body,Pull,Dynamic,109.55,Hakim Ziyech
2024-08-05,Jump,Take off,Isometric,92.29,Hakim Ziyech
2024-08-05,Jump,Take off,Dynamic,108.4,Hakim Ziyech
2024-08-05,Jump,Land,Isometric,94.2,Hakim Ziyech
2024-08-05,Jump,Land,Dynamic,108.12,Hakim Ziyech
2024-08-12,Agility,Acceleration,Isometric,91.8,Kepa Arrizabalaga
2024-08-12,Agility,Acceleration,Dynamic,91.17,Kepa Arrizabalaga
2024-08-12,Sprint,Max velocity,Isometric,95.84,Kepa Arrizabalaga
2024-08-12,Sprint,Max velocity,Dynamic,102.49,Kepa Arrizabalaga
2024-08-12,Upper Body,Push,Isometric,92.89,Kepa Arrizabalaga
2024-08-12,Upper Body,Push,Dynamic,105.85,Kepa Arrizabalaga
2024-08-12,Upper Body,Pull,Isometric,102.96,Kepa Arrizabalaga
2024-08-12,Upper Body,Pull,Dynamic,101.24,Kepa Arrizabalaga
2024-08-12,Jump,Take off,Isometric,94.83,Kepa Arrizabalaga
2024-08-12,Jump,Take off,Dynamic,105.49,Kepa Arrizabalaga
2024-08-12,Jump,Land,Isometric,92.11,Kepa Arrizabalaga
2024-08-12,Jump,Land,Dynamic,90.76,Kepa Arrizabalaga
2024-08-12,Agility,Acceleration,Isometric,109.88,Édouard Mendy
2024-08-12,Agility,Acceleration,Dynamic,98.96,Édouard Mendy
2024-08-12,Sprint,Max velocity,Isometric,97.37,Édouard Mendy
2024-08-12,Sprint,Max velocity,Dynamic,103.06,Édouard Mendy
2024-08-12,Upper Body,Push,Isometric,96.48,Édouard Mendy
2024-08-12,Upper Body,Push,Dynamic,101.37,Édouard Mendy
2024-08-12,Upper Body,Pull,Isometric,100.77,Édouard Mendy
2024-08-12,Upper Body,Pull,Dynamic,107.52,Édouard Mendy
2024-08-12,Jump,Take off,Isometric,94.17,Édouard Mendy
2024-08-12,Jump,Take off,Dynamic,108.11,Édouard Mendy
2024-08-12,Jump,Land,Isometric,108.17,Édouard Mendy
2024-08-12,Jump,Land,Dynamic,108.83,Édouard Mendy
2024-08-12,Agility,Acceleration,Isometric,100.52,Reece James
2024-08-12,Agility,Acceleration,Dynamic,98.93,Reece James
2024-08-12,Sprint,Max velocity,Isometric,91.75,Reece James
2024-08-12,Sprint,Max velocity,Dynamic,96.1,Reece James
2024-08-12,Upper Body,Push,Isometric,105.25,Reece James
2024-08-12,Upper Body,Push,Dynamic,106.29,Reece James
2024-08-12,Upper Body,Pull,Isometric,101.71,Reece James
2024-08-12,Upper Body,Pull,Dynamic,99.69,Reece James
2024-08-12,Jump,Take off,Isometric,91.49,Reece James
2024-08-12,Jump,Take off,Dynamic,103.8,Reece James
2024-08-12,Jump,Land,Isometric,109.69,Reece James
2024-08-12,Jump,Land,Dynamic,105.52,Reece James
2024-08-12,Agility,Acceleration,Isometric,96.83,Ben Chilwell
2024-08-12,Agility,Acceleration,Dynamic,104.55,Ben Chilwell
2024-08-12,Sprint,Max velocity,Isometric,108.96,Ben Chilwell
2024-08-12,Sprint,Max velocity,Dynamic,103.64,Ben Chilwell
2024-08-12,Upper Body,Push,Isometric,98.59,Ben Chilwell
2024-08-12,Upper Body,Push,Dynamic,91.35,Ben Chilwell
2024-08-12,Upper Body,Pull,Isometric,105.15,Ben Chilwell
2024-08-12,Upper Body,Pull,Dynamic,102.55,Ben Chilwell
2024-08-12,Jump,Take off,Isometric,97.13,Ben Chilwell
2024-08-12,Jump,Take off,Dynamic,105.7,Ben Chilwell
2024-08-12,Jump,Land,Isometric,108.25,Ben Chilwell
2024-08-12,Jump,Land,Dynamic,93.62,Ben Chilwell
2024-08-12,Agility,Acceleration,Isometric,109.18,César Azpilicueta
2024-08-12,Agility,Acceleration,Dynamic,90.24,César Azpilicueta
2024-08-12,Sprint,Max velocity,Isometric,106.43,César Azpilicueta
2024-08-12,Sprint,Max velocity,Dynamic,107.25,César Azpilicueta
2024-08-12,Upper Body,Push,Isometric,90.85,César Azpilicueta
2024-08-12,Upper Body,Push,Dynamic,95.89,César Azpilicueta
2024-08-12,Upper Body,Pull,Isometric,103.62,César Azpilicueta
2024-08-12,Upper Body,Pull,Dynamic,101.74,César Azpilicueta
2024-08-12,Jump,Take off,Isometric,97.22,César Azpilicueta
2024-08-12,Jump,Take off,Dynamic,99.86,César Azpilicueta
2024-08-12,Jump,Land,Isometric,97.1,César Azpilicueta
2024-08-12,Jump,Land,Dynamic,104.03,César Azpilicueta
2024-08-12,Agility,Acceleration,Isometric,100.49,Andreas Christensen
2024-08-12,Agility,Acceleration,Dynamic,90.88,Andreas Christensen
2024-08-12,Sprint,Max velocity,Isometric,105.02,Andreas Christensen
2024-08-12,Sprint,Max velocity,Dynamic,105.09,Andreas Christensen
2024-08-12,Upper Body,Push,Isometric,103.99,Andreas Christensen
2024-08-12,Upper Body,Push,Dynamic,99.52,Andreas Christensen
2024-08-12,Upper Body,Pull,Isometric,91.48,Andreas Christensen
2024-08-12,Upper Body,Pull,Dynamic,101.12,Andreas Christensen
2024-08-12,Jump,Take off,Isometric,102.95,Andreas Christensen
2024-08-12,Jump,Take off,Dynamic,99.55,Andreas Christensen
2024-08-12,Jump,Land,Isometric,105.58,Andreas Christensen
2024-08-12,Jump,Land,Dynamic,95.33,Andreas Christensen
2024-08-12,Agility,Acceleration,Isometric,90.96,Marcos Alonso
2024-08-12,Agility,Acceleration,Dynamic,93.62,Marcos Alonso
2024-08-12,Sprint,Max velocity,Isometric,90.75,Marcos Alonso
2024-08-12,Sprint,Max velocity,Dynamic,97.05,Marcos Alonso
2024-08-12,Upper Body,Push,Isometric,92.55,Marcos Alonso
2024-08-12,Upper Body,Push,Dynamic,109.88,Marcos Alonso
2024-08-12,Upper Body,Pull,Isometric,93.41,Marcos Alonso
2024-08-12,Upper Body,Pull,Dynamic,98.66,Marcos Alonso
2024-08-12,Jump,Take off,Isometric,98.9,Marcos Alonso
2024-08-12,Jump,Take off,Dynamic,106.08,Marcos Alonso
2024-08-12,Jump,Land,Isometric,103.02,Marcos Alonso
2024-08-12,Jump,Land,Dynamic,96.19,Marcos Alonso
2024-08-12,Agility,Acceleration,Isometric,90.69,N'Golo Kanté
2024-08-12,Agility,Acceleration,Dynamic,102.75,N'Golo Kanté
2024-08-12,Sprint,Max velocity,Isometric,94.36,N'Golo Kanté
2024-08-12,Sprint,Max velocity,Dynamic,96.89,N'Golo Kanté
2024-08-12,Upper Body,Push,Isometric,102.52,N'Golo Kanté
2024-08-12,Upper Body,Push,Dynamic,105.49,N'Golo Kanté
2024-08-12,Upper Body,Pull,Isometric,109.15,N'Golo Kanté
2024-08-12,Upper Body,Pull,Dynamic,91.22,N'Golo Kanté
2024-08-12,Jump,Take off,Isometric,103.84,N'Golo Kanté
2024-08-12,Jump,Take off,Dynamic,100.78,N'Golo Kanté
2024-08-12,Jump,Land,Isometric,100.53,N'Golo Kanté
2024-08-12,Jump,Land,Dynamic,95.26,N'Golo Kanté
2024-08-12,Agility,Acceleration,Isometric,109.73,Jorginho
2024-08-12,Agility,Acceleration,Dynamic,101.64,Jorginho
2024-08-12,Sprint,Max velocity,Isometric,105.98,Jorginho
2024-08-12,Sprint,Max velocity,Dynamic,94.76,Jorginho
2024-08-12,Upper Body,Push,Isometric,102.54,Jorginho
2024-08-12,Upper Body,Push,Dynamic,99.21,Jorginho
2024-08-12,Upper Body,Pull,Isometric,100.91,Jorginho
2024-08-12,Upper Body,Pull,Dynamic,91.68,Jorginho
2024-08-12,Jump,Take off,Isometric,108.73,Jorginho
2024-08-12,Jump,Take off,Dynamic,100.48,Jorginho
2024-08-12,Jump,Land,Isometric,97.94,Jorginho
2024-08-12,Jump,Land,Dynamic,106.11,Jorginho
2024-08-12,Agility,Acceleration,Isometric,99.97,Mason Mount
2024-08-12,Agility,Acceleration,Dynamic,104.44,Mason Mount
2024-08-12,Sprint,Max velocity,Isometric,106.57,Mason Mount
2024-08-12,Sprint,Max velocity,Dynamic,99.04,Mason Mount
2024-08-12,Upper Body,Push,Isometric,90.49,Mason Mount
2024-08-12,Upper Body,Push,Dynamic,93.74,Mason Mount
2024-08-12,Upper Body,Pull,Isometric,93.34,Mason Mount
2024-08-12,Upper Body,Pull,Dynamic,91.08,Mason Mount
2024-08-12,Jump,Take off,Isometric,101.69,Mason Mount
2024-08-12,Jump,Take off,Dynamic,95.21,Mason Mount
2024-08-12,Jump,Land,Isometric,90.54,Mason Mount
2024-08-12,Jump,Land,Dynamic,97.82,Mason Mount
2024-08-12,Agility,Acceleration,Isometric,100.46,Kai Havertz
2024-08-12,Agility,Acceleration,Dynamic,105.32,Kai Havertz
2024-08-12,Sprint,Max velocity,Isometric,106.04,Kai Havertz
2024-08-12,Sprint,Max velocity,Dynamic,105.66,Kai Havertz
2024-08-12,Upper Body,Push,Isometric,91.06,Kai Havertz
2024-08-12,Upper Body,Push,Dynamic,100.32,Kai Havertz
2024-08-12,Upper Body,Pull,Isometric,105.22,Kai Havertz
2024-08-12,Upper Body,Pull,Dynamic,94.19,Kai Havertz
2024-08-12,Jump,Take off,Isometric,92.68,Kai Havertz
2024-08-12,Jump,Take off,Dynamic,101.44,Kai Havertz
2024-08-12,Jump,Land,Isometric,91.6,Kai Havertz
2024-08-12,Jump,Land,Dynamic,94.08,Kai Havertz
2024-08-12,Agility,Acceleration,Isometric,100.84,Christian Pulisic
2024-08-12,Agility,Acceleration,Dynamic,100.37,Christian Pulisic
2024-08-12,Sprint,Max velocity,Isometric,102.0,Christian Pulisic
2024-08-12,Sprint,Max velocity,Dynamic,94.32,Christian Pulisic
2024-08-12,Upper Body,Push,Isometric,99.92,Christian Pulisic
2024-08-12,Upper Body,Push,Dynamic,97.78,Christian Pulisic
2024-08-12,Upper Body,Pull,Isometric,91.07,Christian Pulisic
2024-08-12,Upper Body,Pull,Dynamic,107.92,Christian Pulisic
2024-08-12,Jump,Take off,Isometric,102.94,Christian Pulisic
2024-08-12,Jump,Take off,Dynamic,91.01,Christian Pulisic
2024-08-12,Jump,Land,Isometric,103.95,Christian Pulisic
2024-08-12,Jump,Land,Dynamic,106.7,Christian Pulisic
2024-08-12,Agility,Acceleration,Isometric,105.44,Mateo Kovačić
2024-08-12,Agility,Acceleration,Dynamic,106.02,Mateo Kovačić
2024-08-12,Sprint,Max velocity,Isometric,93.95,Mateo Kovačić
2024-08-12,Sprint,Max velocity,Dynamic,104.41,Mateo Kovačić
2024-08-12,Upper Body,Push,Isometric,99.48,Mateo Kovačić
2024-08-12,Upper Body,Push,Dynamic,94.39,Mateo Kovačić
2024-08-12,Upper Body,Pull,Isometric,91.8,Mateo Kovačić
2024-08-12,Upper Body,Pull,Dynamic,92.25,Mateo Kovačić
2024-08-12,Jump,Take off,Isometric,99.65,Mateo Kovačić
2024-08-12,Jump,Take off,Dynamic,93.78,Mateo Kovačić
2024-08-12,Jump,Land,Isometric,102.02,Mateo Kovačić
2024-08-12,Jump,Land,Dynamic,102.25,Mateo Kovačić
2024-08-12,Agility,Acceleration,Isometric,108.73,Conor Gallagher
2024-08-12,Agility,Acceleration,Dynamic,102.22,Conor Gallagher
2024-08-12,Sprint,Max velocity,Isometric,96.82,Conor Gallagher
2024-08-12,Sprint,Max velocity,Dynamic,95.61,Conor Gallagher
2024-08-12,Upper Body,Push,Isometric,95.05,Conor Gallagher
2024-08-12,Upper Body,Push,Dynamic,94.17,Conor Gallagher
2024-08-12,Upper Body,Pull,Isometric,97.87,Conor Gallagher
2024-08-12,Upper Body,Pull,Dynamic,98.64,Conor Gallagher
2024-08-12,Jump,Take off,Isometric,93.85,Conor Gallagher
2024-08-12,Jump,Take off,Dynamic,94.97,Conor Gallagher
2024-08-12,Jump,Land,Isometric,106.81,Conor Gallagher
2024-08-12,Jump,Land,Dynamic,107.27,Conor Gallagher
2024-08-12,Agility,Acceleration,Isometric,99.14,Timo Werner
2024-08-12,Agility,Acceleration,Dynamic,108.88,Timo Werner
2024-08-12,Sprint,Max velocity,Isometric,100.94,Timo Werner
2024-08-12,Sprint,Max velocity,Dynamic,103.32,Timo Werner
2024-08-12,Upper Body,Push,Isometric,96.86,Timo Werner
2024-08-12,Upper Body,Push,Dynamic,102.56,Timo Werner
2024-08-12,Upper Body,Pull,Isometric,98.31,Timo Werner
2024-08-12,Upper Body,Pull,Dynamic,105.82,Timo Werner
2024-08-12,Jump,Take off,Isometric,94.19,Timo Werner
2024-08-12,Jump,Take off,Dynamic,108.21,Timo Werner
2024-08-12,Jump,Land,Isometric,97.86,Timo Werner
2024-08-12,Jump,Land,Dynamic,101.87,Timo Werner
2024-08-12,Agility,Acceleration,Isometric,101.29,Olivier Giroud
2024-08-12,Agility,Acceleration,Dynamic,96.33,Olivier Giroud
2024-08-12,Sprint,Max velocity,Isometric,95.85,Olivier Giroud
2024-08-12,Sprint,Max velocity,Dynamic,109.63,Olivier Giroud
2024-08-12,Upper Body,Push,Isometric,105.64,Olivier Giroud
2024-08-12,Upper Body,Push,Dynamic,109.51,Olivier Giroud
2024-08-12,Upper Body,Pull,Isometric,95.82,Olivier Giroud
2024-08-12,Upper Body,Pull,Dynamic,108.22,Olivier Giroud
2024-08-12,Jump,Take off,Isometric,106.59,Olivier Giroud
2024-08-12,Jump,Take off,Dynamic,97.24,Olivier Giroud
2024-08-12,Jump,Land,Isometric,106.44,Olivier Giroud
2024-08-12,Jump,Land,Dynamic,109.32,Olivier Giroud
2024-08-12,Agility,Acceleration,Isometric,95.94,Tammy Abraham
2024-08-12,Agility,Acceleration,Dynamic,107.78,Tammy Abraham
2024-08-12,Sprint,Max velocity,Isometric,106.28,Tammy Abraham
2024-08-12,Sprint,Max velocity,Dynamic,108.7,Tammy Abraham
2024-08-12,Upper Body,Push,Isometric,93.43,Tammy Abraham
2024-08-12,Upper Body,Push,Dynamic,107.46,Tammy Abraham
2024-08-12,Upper Body,Pull,Isometric,100.59,Tammy Abraham
2024-08-12,Upper Body,Pull,Dynamic,108.03,Tammy Abraham
2024-08-12,Jump,Take off,Isometric,102.51,Tammy Abraham
2024-08-12,Jump,Take off,Dynamic,90.87,Tammy Abraham
2024-08-12,Jump,Land,Isometric,100.91,Tammy Abraham
2024-08-12,Jump,Land,Dynamic,98.59,Tammy Abraham
2024-08-12,Agility,Acceleration,Isometric,105.88,Armando Broja
2024-08-12,Agility,Acceleration,Dynamic,101.99,Armando Broja
2024-08-12,Sprint,Max velocity,Isometric,101.3,Armando Broja
2024-08-12,Sprint,Max velocity,Dynamic,107.69,Armando Broja
2024-08-12,Upper Body,Push,Isometric,95.75,Armando Broja
2024-08-12,Upper Body,Push,Dynamic,92.34,Armando Broja
2024-08-12,Upper Body,Pull,Isometric,103.28,Armando Broja
2024-08-12,Upper Body,Pull,Dynamic,90.86,Armando Broja
2024-08-12,Jump,Take off,Isometric,100.96,Armando Broja
2024-08-12,Jump,Take off,Dynamic,97.73,Armando Broja
2024-08-12,Jump,Land,Isometric,91.54,Armando Broja
2024-08-12,Jump,Land,Dynamic,97.11,Armando Broja
2024-08-12,Agility,Acceleration,Isometric,105.41,Ross Barkley
2024-08-12,Agility,Acceleration,Dynamic,107.59,Ross Barkley
2024-08-12,Sprint,Max velocity,Isometric,106.55,Ross Barkley
2024-08-12,Sprint,Max velocity,Dynamic,98.72,Ross Barkley
2024-08-12,Upper Body,Push,Isometric,101.85,Ross Barkley
2024-08-12,Upper Body,Push,Dynamic,99.67,Ross Barkley
2024-08-12,Upper Body,Pull,Isometric,94.39,Ross Barkley
2024-08-12,Upper Body,Pull,Dynamic,109.17,Ross Barkley
2024-08-12,Jump,Take off,Isometric,93.59,Ross Barkley
2024-08-12,Jump,Take off,Dynamic,96.48,Ross Barkley
2024-08-12,Jump,Land,Isometric,93.65,Ross Barkley
2024-08-12,Jump,Land,Dynamic,92.42,Ross Barkley
2024-08-12,Agility,Acceleration,Isometric,107.72,Callum Hudson-Odoi
2024-08-12,Agility,Acceleration,Dynamic,106.35,Callum Hudson-Odoi
2024-08-12,Sprint,Max velocity,Isometric,95.73,Callum Hudson-Odoi
2024-08-12,Sprint,Max velocity,Dynamic,103.36,Callum Hudson-Odoi
2024-08-12,Upper Body,Push,Isometric,97.66,Callum Hudson-Odoi
2024-08-12,Upper Body,Push,Dynamic,100.8,Callum Hudson-Odoi
2024-08-12,Upper Body,Pull,Isometric,93.25,Callum Hudson-Odoi
2024-08-12,Upper Body,Pull,Dynamic,105.47,Callum Hudson-Odoi
2024-08-12,Jump,Take off,Isometric,101.43,Callum Hudson-Odoi
2024-08-12,Jump,Take off,Dynamic,91.08,Callum Hudson-Odoi
2024-08-12,Jump,Land,Isometric,105.96,Callum Hudson-Odoi
2024-08-12,Jump,Land,Dynamic,91.19,Callum Hudson-Odoi
2024-08-12,Agility,Acceleration,Isometric,108.62,Emerson Palmieri
2024-08-12,Agility,Acceleration,Dynamic,107.9,Emerson Palmieri
2024-08-12,Sprint,Max velocity,Isometric,101.17,Emerson Palmieri
2024-08-12,Sprint,Max velocity,Dynamic,93.66,Emerson Palmieri
2024-08-12,Upper Body,Push,Isometric,109.8,Emerson Palmieri
2024-08-12,Upper Body,Push,Dynamic,96.72,Emerson Palmieri
2024-08-12,Upper Body,Pull,Isometric,96.42,Emerson Palmieri
2024-08-12,Upper Body,Pull,Dynamic,92.19,Emerson Palmieri
2024-08-12,Jump,Take off,Isometric,96.75,Emerson Palmieri
2024-08-12,Jump,Take off,Dynamic,105.34,Emerson Palmieri
2024-08-12,Jump,Land,Isometric,108.06,Emerson Palmieri
2024-08-12,Jump,Land,Dynamic,101.0,Emerson Palmieri
2024-08-12,Agility,Acceleration,Isometric,97.22,Ricardo Pereira
2024-08-12,Agility,Acceleration,Dynamic,103.18,Ricardo Pereira
2024-08-12,Sprint,Max velocity,Isometric,97.11,Ricardo Pereira
2024-08-12,Sprint,Max velocity,Dynamic,96.88,Ricardo Pereira
2024-08-12,Upper Body,Push,Isometric,109.62,Ricardo Pereira
2024-08-12,Upper Body,Push,Dynamic,105.26,Ricardo Pereira
2024-08-12,Upper Body,Pull,Isometric,101.23,Ricardo Pereira
2024-08-12,Upper Body,Pull,Dynamic,106.72,Ricardo Pereira
2024-08-12,Jump,Take off,Isometric,104.41,Ricardo Pereira
2024-08-12,Jump,Take off,Dynamic,92.88,Ricardo Pereira
2024-08-12,Jump,Land,Isometric,109.72,Ricardo Pereira
2024-08-12,Jump,Land,Dynamic,90.68,Ricardo Pereira
2024-08-12,Agility,Acceleration,Isometric,103.69,João Félix
2024-08-12,Agility,Acceleration,Dynamic,95.95,João Félix
2024-08-12,Sprint,Max velocity,Isometric,102.07,João Félix
2024-08-12,Sprint,Max velocity,Dynamic,90.35,João Félix
2024-08-12,Upper Body,Push,Isometric,97.87,João Félix
2024-08-12,Upper Body,Push,Dynamic,99.89,João Félix
2024-08-12,Upper Body,Pull,Isometric,106.86,João Félix
2024-08-12,Upper Body,Pull,Dynamic,92.63,João Félix
2024-08-12,Jump,Take off,Isometric,100.77,João Félix
2024-08-12,Jump,Take off,Dynamic,106.16,João Félix
2024-08-12,Jump,Land,Isometric,94.93,João Félix
2024-08-12,Jump,Land,Dynamic,93.99,João Félix
2024-08-12,Agility,Acceleration,Isometric,95.87,Hakim Ziyech
2024-08-12,Agility,Acceleration,Dynamic,96.33,Hakim Ziyech
2024-08-12,Sprint,Max velocity,Isometric,98.89,Hakim Ziyech
2024-08-12,Sprint,Max velocity,Dynamic,103.23,Hakim Ziyech
2024-08-12,Upper Body,Push,Isometric,97.77,Hakim Ziyech
2024-08-12,Upper Body,Push,Dynamic,95.21,Hakim Ziyech
2024-08-12,Upper Body,Pull,Isometric,90.8,Hakim Ziyech
2024-08-12,Upper Body,Pull,Dynamic,101.35,Hakim Ziyech
2024-08-12,Jump,Take off,Isometric,101.06,Hakim Ziyech
2024-08-12,Jump,Take off,Dynamic,97.94,Hakim Ziyech
2024-08-12,Jump,Land,Isometric,95.93,Hakim Ziyech
2024-08-12,Jump,Land,Dynamic,98.46,Hakim Ziyech
2024-08-19,Agility,Acceleration,Isometric,105.31,Kepa Arrizabalaga
2024-08-19,Agility,Acceleration,Dynamic,95.4,Kepa Arrizabalaga
2024-08-19,Sprint,Max velocity,Isometric,106.88,Kepa Arrizabalaga
2024-08-19,Sprint,Max velocity,Dynamic,91.04,Kepa Arrizabalaga
2024-08-19,Upper Body,Push,Isometric,97.91,Kepa Arrizabalaga
2024-08-19,Upper Body,Push,Dynamic,98.28,Kepa Arrizabalaga
2024-08-19,Upper Body,Pull,Isometric,109.75,Kepa Arrizabalaga
2024-08-19,Upper Body,Pull,Dynamic,107.74,Kepa Arrizabalaga
2024-08-19,Jump,Take off,Isometric,107.49,Kepa Arrizabalaga
2024-08-19,Jump,Take off,Dynamic,96.44,Kepa Arrizabalaga
2024-08-19,Jump,Land,Isometric,93.82,Kepa Arrizabalaga
2024-08-19,Jump,Land,Dynamic,94.43,Kepa Arrizabalaga
2024-08-19,Agility,Acceleration,Isometric,105.94,Édouard Mendy
2024-08-19,Agility,Acceleration,Dynamic,98.11,Édouard Mendy
2024-08-19,Sprint,Max velocity,Isometric,109.54,Édouard Mendy
2024-08-19,Sprint,Max velocity,Dynamic,109.04,Édouard Mendy
2024-08-19,Upper Body,Push,Isometric,106.29,Édouard Mendy
2024-08-19,Upper Body,Push,Dynamic,99.42,Édouard Mendy
2024-08-19,Upper Body,Pull,Isometric,91.41,Édouard Mendy
2024-08-19,Upper Body,Pull,Dynamic,91.76,Édouard Mendy
2024-08-19,Jump,Take off,Isometric,96.08,Édouard Mendy
2024-08-19,Jump,Take off,Dynamic,91.11,Édouard Mendy
2024-08-19,Jump,Land,Isometric,102.21,Édouard Mendy
2024-08-19,Jump,Land,Dynamic,109.1,Édouard Mendy
2024-08-19,Agility,Acceleration,Isometric,102.3,Reece James
2024-08-19,Agility,Acceleration,Dynamic,98.31,Reece James
2024-08-19,Sprint,Max velocity,Isometric,108.85,Reece James
2024-08-19,Sprint,Max velocity,Dynamic,104.32,Reece James
2024-08-19,Upper Body,Push,Isometric,92.55,Reece James
2024-08-19,Upper Body,Push,Dynamic,97.46,Reece James
2024-08-19,Upper Body,Pull,Isometric,90.36,Reece James
2024-08-19,Upper Body,Pull,Dynamic,95.46,Reece James
2024-08-19,Jump,Take off,Isometric,100.35,Reece James
2024-08-19,Jump,Take off,Dynamic,106.54,Reece James
2024-08-19,Jump,Land,Isometric,109.52,Reece James
2024-08-19,Jump,Land,Dynamic,90.32,Reece James
2024-08-19,Agility,Acceleration,Isometric,91.29,Ben Chilwell
2024-08-19,Agility,Acceleration,Dynamic,95.41,Ben Chilwell
2024-08-19,Sprint,Max velocity,Isometric,101.35,Ben Chilwell
2024-08-19,Sprint,Max velocity,Dynamic,104.48,Ben Chilwell
2024-08-19,Upper Body,Push,Isometric,105.45,Ben Chilwell
2024-08-19,Upper Body,Push,Dynamic,108.24,Ben Chilwell
2024-08-19,Upper Body,Pull,Isometric,96.24,Ben Chilwell
2024-08-19,Upper Body,Pull,Dynamic,109.33,Ben Chilwell
2024-08-19,Jump,Take off,Isometric,99.95,Ben Chilwell
2024-08-19,Jump,Take off,Dynamic,108.92,Ben Chilwell
2024-08-19,Jump,Land,Isometric,91.79,Ben Chilwell
2024-08-19,Jump,Land,Dynamic,97.16,Ben Chilwell
2024-08-19,Agility,Acceleration,Isometric,108.62,César Azpilicueta
2024-08-19,Agility,Acceleration,Dynamic,97.29,César Azpilicueta
2024-08-19,Sprint,Max velocity,Isometric,90.71,César Azpilicueta
2024-08-19,Sprint,Max velocity,Dynamic,98.08,César Azpilicueta
2024-08-19,Upper Body,Push,Isometric,91.17,César Azpilicueta
2024-08-19,Upper Body,Push,Dynamic,109.46,César Azpilicueta
2024-08-19,Upper Body,Pull,Isometric,109.3,César Azpilicueta
2024-08-19,Upper Body,Pull,Dynamic,95.18,César Azpilicueta
2024-08-19,Jump,Take off,Isometric,97.03,César Azpilicueta
2024-08-19,Jump,Take off,Dynamic,100.22,César Azpilicueta
2024-08-19,Jump,Land,Isometric,101.54,César Azpilicueta
2024-08-19,Jump,Land,Dynamic,109.06,César Azpilicueta
2024-08-19,Agility,Acceleration,Isometric,103.03,Andreas Christensen
2024-08-19,Agility,Acceleration,Dynamic,94.26,Andreas Christensen
2024-08-19,Sprint,Max velocity,Isometric,107.06,Andreas Christensen
2024-08-19,Sprint,Max velocity,Dynamic,100.25,Andreas Christensen
2024-08-19,Upper Body,Push,Isometric,102.47,Andreas Christensen
2024-08-19,Upper Body,Push,Dynamic,101.55,Andreas Christensen
2024-08-19,Upper Body,Pull,Isometric,98.26,Andreas Christensen
2024-08-19,Upper Body,Pull,Dynamic,100.4,Andreas Christensen
2024-08-19,Jump,Take off,Isometric,107.76,Andreas Christensen
2024-08-19,Jump,Take off,Dynamic,106.14,Andreas Christensen
2024-08-19,Jump,Land,Isometric,95.19,Andreas Christensen
2024-08-19,Jump,Land,Dynamic,92.75,Andreas Christensen
2024-08-19,Agility,Acceleration,Isometric,107.32,Marcos Alonso
2024-08-19,Agility,Acceleration,Dynamic,92.13,Marcos Alonso
2024-08-19,Sprint,Max velocity,Isometric,94.09,Marcos Alonso
2024-08-19,Sprint,Max velocity,Dynamic,97.31,Marcos Alonso
2024-08-19,Upper Body,Push,Isometric,95.4,Marcos Alonso
2024-08-19,Upper Body,Push,Dynamic,90.04,Marcos Alonso
2024-08-19,Upper Body,Pull,Isometric,109.1,Marcos Alonso
2024-08-19,Upper Body,Pull,Dynamic,100.92,Marcos Alonso
2024-08-19,Jump,Take off,Isometric,105.84,Marcos Alonso
2024-08-19,Jump,Take off,Dynamic,104.96,Marcos Alonso
2024-08-19,Jump,Land,Isometric,90.32,Marcos Alonso
2024-08-19,Jump,Land,Dynamic,95.37,Marcos Alonso
2024-08-19,Agility,Acceleration,Isometric,96.71,N'Golo Kanté
2024-08-19,Agility,Acceleration,Dynamic,94.95,N'Golo Kanté
2024-08-19,Sprint,Max velocity,Isometric,107.68,N'Golo Kanté
2024-08-19,Sprint,Max velocity,Dynamic,93.2,N'Golo Kanté
2024-08-19,Upper Body,Push,Isometric,106.14,N'Golo Kanté
2024-08-19,Upper Body,Push,Dynamic,103.71,N'Golo Kanté
2024-08-19,Upper Body,Pull,Isometric,98.63,N'Golo Kanté
2024-08-19,Upper Body,Pull,Dynamic,103.65,N'Golo Kanté
2024-08-19,Jump,Take off,Isometric,100.84,N'Golo Kanté
2024-08-19,Jump,Take off,Dynamic,100.32,N'Golo Kanté
2024-08-19,Jump,Land,Isometric,94.6,N'Golo Kanté
2024-08-19,Jump,Land,Dynamic,100.6,N'Golo Kanté
2024-08-19,Agility,Acceleration,Isometric,108.22,Jorginho
2024-08-19,Agility,Acceleration,Dynamic,91.91,Jorginho
2024-08-19,Sprint,Max velocity,Isometric,99.03,Jorginho
2024-08-19,Sprint,Max velocity,Dynamic,102.91,Jorginho
2024-08-19,Upper Body,Push,Isometric,93.75,Jorginho
2024-08-19,Upper Body,Push,Dynamic,94.77,Jorginho
2024-08-19,Upper Body,Pull,Isometric,109.51,Jorginho
2024-08-19,Upper Body,Pull,Dynamic,93.65,Jorginho
2024-08-19,Jump,Take off,Isometric,93.54,Jorginho
2024-08-19,Jump,Take off,Dynamic,90.56,Jorginho
2024-08-19,Jump,Land,Isometric,106.72,Jorginho
2024-08-19,Jump,Land,Dynamic,106.62,Jorginho
2024-08-19,Agility,Acceleration,Isometric,102.53,Mason Mount
2024-08-19,Agility,Acceleration,Dynamic,105.76,Mason Mount
2024-08-19,Sprint,Max velocity,Isometric,106.73,Mason Mount
2024-08-19,Sprint,Max velocity,Dynamic,94.62,Mason Mount
2024-08-19,Upper Body,Push,Isometric,91.44,Mason Mount
2024-08-19,Upper Body,Push,Dynamic,106.34,Mason Mount
2024-08-19,Upper Body,Pull,Isometric,92.55,Mason Mount
2024-08-19,Upper Body,Pull,Dynamic,90.1,Mason Mount
2024-08-19,Jump,Take off,Isometric,105.01,Mason Mount
2024-08-19,Jump,Take off,Dynamic,105.89,Mason Mount
2024-08-19,Jump,Land,Isometric,109.96,Mason Mount
2024-08-19,Jump,Land,Dynamic,97.92,Mason Mount
2024-08-19,Agility,Acceleration,Isometric,98.59,Kai Havertz
2024-08-19,Agility,Acceleration,Dynamic,99.09,Kai Havertz
2024-08-19,Sprint,Max velocity,Isometric,106.22,Kai Havertz
2024-08-19,Sprint,Max velocity,Dynamic,107.98,Kai Havertz
2024-08-19,Upper Body,Push,Isometric,108.2,Kai Havertz
2024-08-19,Upper Body,Push,Dynamic,90.51,Kai Havertz
2024-08-19,Upper Body,Pull,Isometric,100.21,Kai Havertz
2024-08-19,Upper Body,Pull,Dynamic,92.58,Kai Havertz
2024-08-19,Jump,Take off,Isometric,99.34,Kai Havertz
2024-08-19,Jump,Take off,Dynamic,91.34,Kai Havertz
2024-08-19,Jump,Land,Isometric,97.42,Kai Havertz
2024-08-19,Jump,Land,Dynamic,102.49,Kai Havertz
2024-08-19,Agility,Acceleration,Isometric,93.83,Christian Pulisic
2024-08-19,Agility,Acceleration,Dynamic,93.93,Christian Pulisic
2024-08-19,Sprint,Max velocity,Isometric,91.38,Christian Pulisic
2024-08-19,Sprint,Max velocity,Dynamic,108.54,Christian Pulisic
2024-08-19,Upper Body,Push,Isometric,101.03,Christian Pulisic
2024-08-19,Upper Body,Push,Dynamic,104.49,Christian Pulisic
2024-08-19,Upper Body,Pull,Isometric,90.67,Christian Pulisic
2024-08-19,Upper Body,Pull,Dynamic,90.51,Christian Pulisic
2024-08-19,Jump,Take off,Isometric,93.88,Christian Pulisic
2024-08-19,Jump,Take off,Dynamic,102.25,Christian Pulisic
2024-08-19,Jump,Land,Isometric,90.32,Christian Pulisic
2024-08-19,Jump,Land,Dynamic,108.1,Christian Pulisic
2024-08-19,Agility,Acceleration,Isometric,103.5,Mateo Kovačić
2024-08-19,Agility,Acceleration,Dynamic,97.89,Mateo Kovačić
2024-08-19,Sprint,Max velocity,Isometric,96.6,Mateo Kovačić
2024-08-19,Sprint,Max velocity,Dynamic,99.27,Mateo Kovačić
2024-08-19,Upper Body,Push,Isometric,98.87,Mateo Kovačić
2024-08-19,Upper Body,Push,Dynamic,108.71,Mateo Kovačić
2024-08-19,Upper Body,Pull,Isometric,108.74,Mateo Kovačić
2024-08-19,Upper Body,Pull,Dynamic,93.14,Mateo Kovačić
2024-08-19,Jump,Take off,Isometric,97.04,Mateo Kovačić
2024-08-19,Jump,Take off,Dynamic,106.77,Mateo Kovačić
2024-08-19,Jump,Land,Isometric,98.4,Mateo Kovačić
2024-08-19,Jump,Land,Dynamic,91.45,Mateo Kovačić
2024-08-19,Agility,Acceleration,Isometric,102.88,Conor Gallagher
2024-08-19,Agility,Acceleration,Dynamic,93.55,Conor Gallagher
2024-08-19,Sprint,Max velocity,Isometric,99.53,Conor Gallagher
2024-08-19,Sprint,Max velocity,Dynamic,97.66,Conor Gallagher
2024-08-19,Upper Body,Push,Isometric,91.43,Conor Gallagher
2024-08-19,Upper Body,Push,Dynamic,99.4,Conor Gallagher
2024-08-19,Upper Body,Pull,Isometric,90.0,Conor Gallagher
2024-08-19,Upper Body,Pull,Dynamic,90.7,Conor Gallagher
2024-08-19,Jump,Take off,Isometric,98.94,Conor Gallagher
2024-08-19,Jump,Take off,Dynamic,104.85,Conor Gallagher
2024-08-19,Jump,Land,Isometric,107.97,Conor Gallagher
2024-08-19,Jump,Land,Dynamic,107.04,Conor Gallagher
2024-08-19,Agility,Acceleration,Isometric,106.42,Timo Werner
2024-08-19,Agility,Acceleration,Dynamic,97.65,Timo Werner
2024-08-19,Sprint,Max velocity,Isometric,102.33,Timo Werner
2024-08-19,Sprint,Max velocity,Dynamic,95.23,Timo Werner
2024-08-19,Upper Body,Push,Isometric,107.08,Timo Werner
2024-08-19,Upper Body,Push,Dynamic,100.41,Timo Werner
2024-08-19,Upper Body,Pull,Isometric,91.3,Timo Werner
2024-08-19,Upper Body,Pull,Dynamic,107.81,Timo Werner
2024-08-19,Jump,Take off,Isometric,93.58,Timo Werner
2024-08-19,Jump,Take off,Dynamic,97.56,Timo Werner
2024-08-19,Jump,Land,Isometric,92.09,Timo Werner
2024-08-19,Jump,Land,Dynamic,92.88,Timo Werner
2024-08-19,Agility,Acceleration,Isometric,108.19,Olivier Giroud
2024-08-19,Agility,Acceleration,Dynamic,94.7,Olivier Giroud
2024-08-19,Sprint,Max velocity,Isometric,97.94,Olivier Giroud
2024-08-19,Sprint,Max velocity,Dynamic,108.27,Olivier Giroud
2024-08-19,Upper Body,Push,Isometric,102.83,Olivier Giroud
2024-08-19,Upper Body,Push,Dynamic,109.06,Olivier Giroud
2024-08-19,Upper Body,Pull,Isometric,108.88,Olivier Giroud
2024-08-19,Upper Body,Pull,Dynamic,103.41,Olivier Giroud
2024-08-19,Jump,Take off,Isometric,108.18,Olivier Giroud
2024-08-19,Jump,Take off,Dynamic,100.6,Olivier Giroud
2024-08-19,Jump,Land,Isometric,109.98,Olivier Giroud
2024-08-19,Jump,Land,Dynamic,96.79,Olivier Giroud
2024-08-19,Agility,Acceleration,Isometric,109.35,Tammy Abraham
2024-08-19,Agility,Acceleration,Dynamic,96.19,Tammy Abraham
2024-08-19,Sprint,Max velocity,Isometric,107.66,Tammy Abraham
2024-08-19,Sprint,Max velocity,Dynamic,97.32,Tammy Abraham
2024-08-19,Upper Body,Push,Isometric,92.61,Tammy Abraham
2024-08-19,Upper Body,Push,Dynamic,108.96,Tammy Abraham
2024-08-19,Upper Body,Pull,Isometric,98.97,Tammy Abraham
2024-08-19,Upper Body,Pull,Dynamic,109.99,Tammy Abraham
2024-08-19,Jump,Take off,Isometric,95.78,Tammy Abraham
2024-08-19,Jump,Take off,Dynamic,97.68,Tammy Abraham
2024-08-19,Jump,Land,Isometric,108.48,Tammy Abraham
2024-08-19,Jump,Land,Dynamic,99.52,Tammy Abraham
2024-08-19,Agility,Acceleration,Isometric,109.85,Armando Broja
2024-08-19,Agility,Acceleration,Dynamic,95.85,Armando Broja
2024-08-19,Sprint,Max velocity,Isometric,106.95,Armando Broja
2024-08-19,Sprint,Max velocity,Dynamic,91.3,Armando Broja
2024-08-19,Upper Body,Push,Isometric,104.78,Armando Broja
2024-08-19,Upper Body,Push,Dynamic,92.78,Armando Broja
2024-08-19,Upper Body,Pull,Isometric,94.68,Armando Broja
2024-08-19,Upper Body,Pull,Dynamic,97.79,Armando Broja
2024-08-19,Jump,Take off,Isometric,108.29,Armando Broja
2024-08-19,Jump,Take off,Dynamic,95.22,Armando Broja
2024-08-19,Jump,Land,Isometric,103.88,Armando Broja
2024-08-19,Jump,Land,Dynamic,107.89,Armando Broja
2024-08-19,Agility,Acceleration,Isometric,107.45,Ross Barkley
2024-08-19,Agility,Acceleration,Dynamic,91.22,Ross Barkley
2024-08-19,Sprint,Max velocity,Isometric,97.98,Ross Barkley
2024-08-19,Sprint,Max velocity,Dynamic,102.97,Ross Barkley
2024-08-19,Upper Body,Push,Isometric,101.05,Ross Barkley
2024-08-19,Upper Body,Push,Dynamic,92.0,Ross Barkley
2024-08-19,Upper Body,Pull,Isometric,108.23,Ross Barkley
2024-08-19,Upper Body,Pull,Dynamic,91.04,Ross Barkley
2024-08-19,Jump,Take off,Isometric,102.88,Ross Barkley
2024-08-19,Jump,Take off,Dynamic,100.36,Ross Barkley
2024-08-19,Jump,Land,Isometric,102.27,Ross Barkley
2024-08-19,Jump,Land,Dynamic,94.27,Ross Barkley
2024-08-19,Agility,Acceleration,Isometric,107.03,Callum Hudson-Odoi
2024-08-19,Agility,Acceleration,Dynamic,104.88,Callum Hudson-Odoi
2024-08-19,Sprint,Max velocity,Isometric,97.55,Callum Hudson-Odoi
2024-08-19,Sprint,Max velocity,Dynamic,107.74,Callum Hudson-Odoi
2024-08-19,Upper Body,Push,Isometric,106.41,Callum Hudson-Odoi
2024-08-19,Upper Body,Push,Dynamic,94.61,Callum Hudson-Odoi
2024-08-19,Upper Body,Pull,Isometric,96.4,Callum Hudson-Odoi
2024-08-19,Upper Body,Pull,Dynamic,95.27,Callum Hudson-Odoi
2024-08-19,Jump,Take off,Isometric,100.13,Callum Hudson-Odoi
2024-08-19,Jump,Take off,Dynamic,93.21,Callum Hudson-Odoi
2024-08-19,Jump,Land,Isometric,93.52,Callum Hudson-Odoi
2024-08-19,Jump,Land,Dynamic,94.64,Callum Hudson-Odoi
2024-08-19,Agility,Acceleration,Isometric,107.28,Emerson Palmieri
2024-08-19,Agility,Acceleration,Dynamic,102.42,Emerson Palmieri
2024-08-19,Sprint,Max velocity,Isometric,91.09,Emerson Palmieri
2024-08-19,Sprint,Max velocity,Dynamic,95.3,Emerson Palmieri
2024-08-19,Upper Body,Push,Isometric,90.39,Emerson Palmieri
2024-08-19,Upper Body,Push,Dynamic,95.42,Emerson Palmieri
2024-08-19,Upper Body,Pull,Isometric,98.2,Emerson Palmieri
2024-08-19,Upper Body,Pull,Dynamic,100.84,Emerson Palmieri
2024-08-19,Jump,Take off,Isometric,102.28,Emerson Palmieri
2024-08-19,Jump,Take off,Dynamic,95.62,Emerson Palmieri
2024-08-19,Jump,Land,Isometric,97.94,Emerson Palmieri
2024-08-19,Jump,Land,Dynamic,93.86,Emerson Palmieri
2024-08-19,Agility,Acceleration,Isometric,107.25,Ricardo Pereira
2024-08-19,Agility,Acceleration,Dynamic,96.08,Ricardo Pereira
2024-08-19,Sprint,Max velocity,Isometric,94.26,Ricardo Pereira
2024-08-19,Sprint,Max velocity,Dynamic,102.82,Ricardo Pereira
2024-08-19,Upper Body,Push,Isometric,106.67,Ricardo Pereira
2024-08-19,Upper Body,Push,Dynamic,97.16,Ricardo Pereira
2024-08-19,Upper Body,Pull,Isometric,103.19,Ricardo Pereira
2024-08-19,Upper Body,Pull,Dynamic,93.79,Ricardo Pereira
2024-08-19,Jump,Take off,Isometric,99.73,Ricardo Pereira
2024-08-19,Jump,Take off,Dynamic,91.76,Ricardo Pereira
2024-08-19,Jump,Land,Isometric,99.92,Ricardo Pereira
2024-08-19,Jump,Land,Dynamic,94.41,Ricardo Pereira
2024-08-19,Agility,Acceleration,Isometric,92.22,João Félix
2024-08-19,Agility,Acceleration,Dynamic,101.91,João Félix
2024-08-19,Sprint,Max velocity,Isometric,96.25,João Félix
2024-08-19,Sprint,Max velocity,Dynamic,102.41,João Félix
2024-08-19,Upper Body,Push,Isometric,108.51,João Félix
2024-08-19,Upper Body,Push,Dynamic,96.83,João Félix
2024-08-19,Upper Body,Pull,Isometric,100.4,João Félix
2024-08-19,Upper Body,Pull,Dynamic,102.51,João Félix
2024-08-19,Jump,Take off,Isometric,109.09,João Félix
2024-08-19,Jump,Take off,Dynamic,106.04,João Félix
2024-08-19,Jump,Land,Isometric,94.59,João Félix
2024-08-19,Jump,Land,Dynamic,97.44,João Félix
2024-08-19,Agility,Acceleration,Isometric,103.98,Hakim Ziyech
2024-08-19,Agility,Acceleration,Dynamic,98.59,Hakim Ziyech
2024-08-19,Sprint,Max velocity,Isometric,102.99,Hakim Ziyech
2024-08-19,Sprint,Max velocity,Dynamic,100.44,Hakim Ziyech
2024-08-19,Upper Body,Push,Isometric,103.23,Hakim Ziyech
2024-08-19,Upper Body,Push,Dynamic,98.81,Hakim Ziyech
2024-08-19,Upper Body,Pull,Isometric,98.8,Hakim Ziyech
2024-08-19,Upper Body,Pull,Dynamic,104.75,Hakim Ziyech
2024-08-19,Jump,Take off,Isometric,90.98,Hakim Ziyech
2024-08-19,Jump,Take off,Dynamic,98.61,Hakim Ziyech
2024-08-19,Jump,Land,Isometric,99.93,Hakim Ziyech
2024-08-19,Jump,Land,Dynamic,91.07,Hakim Ziyech
2024-08-26,Agility,Acceleration,Isometric,98.16,Kepa Arrizabalaga
2024-08-26,Agility,Acceleration,Dynamic,94.86,Kepa Arrizabalaga
2024-08-26,Sprint,Max velocity,Isometric,99.55,Kepa Arrizabalaga
2024-08-26,Sprint,Max velocity,Dynamic,105.69,Kepa Arrizabalaga
2024-08-26,Upper Body,Push,Isometric,107.14,Kepa Arrizabalaga
2024-08-26,Upper Body,Push,Dynamic,93.52,Kepa Arrizabalaga
2024-08-26,Upper Body,Pull,Isometric,96.12,Kepa Arrizabalaga
2024-08-26,Upper Body,Pull,Dynamic,103.5,Kepa Arrizabalaga
2024-08-26,Jump,Take off,Isometric,93.15,Kepa Arrizabalaga
2024-08-26,Jump,Take off,Dynamic,96.22,Kepa Arrizabalaga
2024-08-26,Jump,Land,Isometric,104.59,Kepa Arrizabalaga
2024-08-26,Jump,Land,Dynamic,91.48,Kepa Arrizabalaga
2024-08-26,Agility,Acceleration,Isometric,105.2,Édouard Mendy
2024-08-26,Agility,Acceleration,Dynamic,108.4,Édouard Mendy
2024-08-26,Sprint,Max velocity,Isometric,109.07,Édouard Mendy
2024-08-26,Sprint,Max velocity,Dynamic,92.88,Édouard Mendy
2024-08-26,Upper Body,Push,Isometric,101.43,Édouard Mendy
2024-08-26,Upper Body,Push,Dynamic,97.46,Édouard Mendy
2024-08-26,Upper Body,Pull,Isometric,103.16,Édouard Mendy
2024-08-26,Upper Body,Pull,Dynamic,107.57,Édouard Mendy
2024-08-26,Jump,Take off,Isometric,91.69,Édouard Mendy
2024-08-26,Jump,Take off,Dynamic,108.76,Édouard Mendy
2024-08-26,Jump,Land,Isometric,103.42,Édouard Mendy
2024-08-26,Jump,Land,Dynamic,96.85,Édouard Mendy
2024-08-26,Agility,Acceleration,Isometric,101.57,Reece James
2024-08-26,Agility,Acceleration,Dynamic,100.06,Reece James
2024-08-26,Sprint,Max velocity,Isometric,93.83,Reece James
2024-08-26,Sprint,Max velocity,Dynamic,91.13,Reece James
2024-08-26,Upper Body,Push,Isometric,106.92,Reece James
2024-08-26,Upper Body,Push,Dynamic,102.72,Reece James
2024-08-26,Upper Body,Pull,Isometric,104.14,Reece James
2024-08-26,Upper Body,Pull,Dynamic,91.36,Reece James
2024-08-26,Jump,Take off,Isometric,98.99,Reece James
2024-08-26,Jump,Take off,Dynamic,99.65,Reece James
2024-08-26,Jump,Land,Isometric,92.59,Reece James
2024-08-26,Jump,Land,Dynamic,102.56,Reece James
2024-08-26,Agility,Acceleration,Isometric,91.31,Ben Chilwell
2024-08-26,Agility,Acceleration,Dynamic,99.56,Ben Chilwell
2024-08-26,Sprint,Max velocity,Isometric,107.72,Ben Chilwell
2024-08-26,Sprint,Max velocity,Dynamic,109.83,Ben Chilwell
2024-08-26,Upper Body,Push,Isometric,108.8,Ben Chilwell
2024-08-26,Upper Body,Push,Dynamic,96.04,Ben Chilwell
2024-08-26,Upper Body,Pull,Isometric,103.17,Ben Chilwell
2024-08-26,Upper Body,Pull,Dynamic,96.09,Ben Chilwell
2024-08-26,Jump,Take off,Isometric,106.4,Ben Chilwell
2024-08-26,Jump,Take off,Dynamic,101.26,Ben Chilwell
2024-08-26,Jump,Land,Isometric,103.09,Ben Chilwell
2024-08-26,Jump,Land,Dynamic,101.59,Ben Chilwell
2024-08-26,Agility,Acceleration,Isometric,92.87,César Azpilicueta
2024-08-26,Agility,Acceleration,Dynamic,99.72,César Azpilicueta
2024-08-26,Sprint,Max velocity,Isometric,98.37,César Azpilicueta
2024-08-26,Sprint,Max velocity,Dynamic,99.29,César Azpilicueta
2024-08-26,Upper Body,Push,Isometric,107.26,César Azpilicueta
2024-08-26,Upper Body,Push,Dynamic,94.15,César Azpilicueta
2024-08-26,Upper Body,Pull,Isometric,108.42,César Azpilicueta
2024-08-26,Upper Body,Pull,Dynamic,98.69,César Azpilicueta
2024-08-26,Jump,Take off,Isometric,102.73,César Azpilicueta
2024-08-26,Jump,Take off,Dynamic,90.47,César Azpilicueta
2024-08-26,Jump,Land,Isometric,91.67,César Azpilicueta
2024-08-26,Jump,Land,Dynamic,100.86,César Azpilicueta
2024-08-26,Agility,Acceleration,Isometric,93.41,Andreas Christensen
2024-08-26,Agility,Acceleration,Dynamic,98.35,Andreas Christensen
2024-08-26,Sprint,Max velocity,Isometric,103.8,Andreas Christensen
2024-08-26,Sprint,Max velocity,Dynamic,90.66,Andreas Christensen
2024-08-26,Upper Body,Push,Isometric,91.01,Andreas Christensen
2024-08-26,Upper Body,Push,Dynamic,106.05,Andreas Christensen
2024-08-26,Upper Body,Pull,Isometric,99.95,Andreas Christensen
2024-08-26,Upper Body,Pull,Dynamic,105.05,Andreas Christensen
2024-08-26,Jump,Take off,Isometric,106.24,Andreas Christensen
2024-08-26,Jump,Take off,Dynamic,106.88,Andreas Christensen
2024-08-26,Jump,Land,Isometric,102.94,Andreas Christensen
2024-08-26,Jump,Land,Dynamic,93.44,Andreas Christensen
2024-08-26,Agility,Acceleration,Isometric,109.42,Marcos Alonso
2024-08-26,Agility,Acceleration,Dynamic,100.65,Marcos Alonso
2024-08-26,Sprint,Max velocity,Isometric,107.4,Marcos Alonso
2024-08-26,Sprint,Max velocity,Dynamic,97.5,Marcos Alonso
2024-08-26,Upper Body,Push,Isometric,96.62,Marcos Alonso
2024-08-26,Upper Body,Push,Dynamic,100.73,Marcos Alonso
2024-08-26,Upper Body,Pull,Isometric,92.4,Marcos Alonso
2024-08-26,Upper Body,Pull,Dynamic,99.65,Marcos Alonso
2024-08-26,Jump,Take off,Isometric,96.66,Marcos Alonso
2024-08-26,Jump,Take off,Dynamic,100.41,Marcos Alonso
2024-08-26,Jump,Land,Isometric,102.76,Marcos Alonso
2024-08-26,Jump,Land,Dynamic,97.29,Marcos Alonso
2024-08-26,Agility,Acceleration,Isometric,107.1,N'Golo Kanté
2024-08-26,Agility,Acceleration,Dynamic,109.21,N'Golo Kanté
2024-08-26,Sprint,Max velocity,Isometric,100.44,N'Golo Kanté
2024-08-26,Sprint,Max velocity,Dynamic,104.9,N'Golo Kanté
2024-08-26,Upper Body,Push,Isometric,97.64,N'Golo Kanté
2024-08-26,Upper Body,Push,Dynamic,103.63,N'Golo Kanté
2024-08-26,Upper Body,Pull,Isometric,91.16,N'Golo Kanté
2024-08-26,Upper Body,Pull,Dynamic,108.22,N'Golo Kanté
2024-08-26,Jump,Take off,Isometric,92.17,N'Golo Kanté
2024-08-26,Jump,Take off,Dynamic,91.54,N'Golo Kanté
2024-08-26,Jump,Land,Isometric,95.63,N'Golo Kanté
2024-08-26,Jump,Land,Dynamic,91.34,N'Golo Kanté
2024-08-26,Agility,Acceleration,Isometric,98.24,Jorginho
2024-08-26,Agility,Acceleration,Dynamic,95.78,Jorginho
2024-08-26,Sprint,Max velocity,Isometric,93.92,Jorginho
2024-08-26,Sprint,Max velocity,Dynamic,104.04,Jorginho
2024-08-26,Upper Body,Push,Isometric,103.97,Jorginho
2024-08-26,Upper Body,Push,Dynamic,93.21,Jorginho
2024-08-26,Upper Body,Pull,Isometric,97.84,Jorginho
2024-08-26,Upper Body,Pull,Dynamic,97.75,Jorginho
2024-08-26,Jump,Take off,Isometric,105.83,Jorginho
2024-08-26,Jump,Take off,Dynamic,95.15,Jorginho
2024-08-26,Jump,Land,Isometric,96.35,Jorginho
2024-08-26,Jump,Land,Dynamic,97.98,Jorginho
2024-08-26,Agility,Acceleration,Isometric,93.92,Mason Mount
2024-08-26,Agility,Acceleration,Dynamic,94.93,Mason Mount
2024-08-26,Sprint,Max velocity,Isometric,103.77,Mason Mount
2024-08-26,Sprint,Max velocity,Dynamic,97.44,Mason Mount
2024-08-26,Upper Body,Push,Isometric,101.1,Mason Mount
2024-08-26,Upper Body,Push,Dynamic,95.85,Mason Mount
2024-08-26,Upper Body,Pull,Isometric,104.61,Mason Mount
2024-08-26,Upper Body,Pull,Dynamic,106.87,Mason Mount
2024-08-26,Jump,Take off,Isometric,91.75,Mason Mount
2024-08-26,Jump,Take off,Dynamic,91.0,Mason Mount
2024-08-26,Jump,Land,Isometric,90.43,Mason Mount
2024-08-26,Jump,Land,Dynamic,91.8,Mason Mount
2024-08-26,Agility,Acceleration,Isometric,109.16,Kai Havertz
2024-08-26,Agility,Acceleration,Dynamic,99.06,Kai Havertz
2024-08-26,Sprint,Max velocity,Isometric,108.88,Kai Havertz
2024-08-26,Sprint,Max velocity,Dynamic,100.21,Kai Havertz
2024-08-26,Upper Body,Push,Isometric,93.11,Kai Havertz
2024-08-26,Upper Body,Push,Dynamic,108.67,Kai Havertz
2024-08-26,Upper Body,Pull,Isometric,107.31,Kai Havertz
2024-08-26,Upper Body,Pull,Dynamic,92.45,Kai Havertz
2024-08-26,Jump,Take off,Isometric,107.16,Kai Havertz
2024-08-26,Jump,Take off,Dynamic,104.03,Kai Havertz
2024-08-26,Jump,Land,Isometric,91.15,Kai Havertz
2024-08-26,Jump,Land,Dynamic,94.47,Kai Havertz
2024-08-26,Agility,Acceleration,Isometric,109.51,Christian Pulisic
2024-08-26,Agility,Acceleration,Dynamic,109.84,Christian Pulisic
2024-08-26,Sprint,Max velocity,Isometric,102.98,Christian Pulisic
2024-08-26,Sprint,Max velocity,Dynamic,102.55,Christian Pulisic
2024-08-26,Upper Body,Push,Isometric,107.33,Christian Pulisic
2024-08-26,Upper Body,Push,Dynamic,103.6,Christian Pulisic
2024-08-26,Upper Body,Pull,Isometric,106.34,Christian Pulisic
2024-08-26,Upper Body,Pull,Dynamic,102.35,Christian Pulisic
2024-08-26,Jump,Take off,Isometric,105.54,Christian Pulisic
2024-08-26,Jump,Take off,Dynamic,109.46,Christian Pulisic
2024-08-26,Jump,Land,Isometric,95.61,Christian Pulisic
2024-08-26,Jump,Land,Dynamic,99.45,Christian Pulisic
2024-08-26,Agility,Acceleration,Isometric,92.97,Mateo Kovačić
2024-08-26,Agility,Acceleration,Dynamic,99.49,Mateo Kovačić
2024-08-26,Sprint,Max velocity,Isometric,106.87,Mateo Kovačić
2024-08-26,Sprint,Max velocity,Dynamic,98.38,Mateo Kovačić
2024-08-26,Upper Body,Push,Isometric,99.15,Mateo Kovačić
2024-08-26,Upper Body,Push,Dynamic,108.11,Mateo Kovačić
2024-08-26,Upper Body,Pull,Isometric,99.06,Mateo Kovačić
2024-08-26,Upper Body,Pull,Dynamic,99.13,Mateo Kovačić
2024-08-26,Jump,Take off,Isometric,94.62,Mateo Kovačić
2024-08-26,Jump,Take off,Dynamic,95.14,Mateo Kovačić
2024-08-26,Jump,Land,Isometric,96.95,Mateo Kovačić
2024-08-26,Jump,Land,Dynamic,91.3,Mateo Kovačić
2024-08-26,Agility,Acceleration,Isometric,94.42,Conor Gallagher
2024-08-26,Agility,Acceleration,Dynamic,101.79,Conor Gallagher
2024-08-26,Sprint,Max velocity,Isometric,90.3,Conor Gallagher
2024-08-26,Sprint,Max velocity,Dynamic,101.13,Conor Gallagher
2024-08-26,Upper Body,Push,Isometric,93.55,Conor Gallagher
2024-08-26,Upper Body,Push,Dynamic,98.52,Conor Gallagher
2024-08-26,Upper Body,Pull,Isometric,103.14,Conor Gallagher
2024-08-26,Upper Body,Pull,Dynamic,94.01,Conor Gallagher
2024-08-26,Jump,Take off,Isometric,96.71,Conor Gallagher
2024-08-26,Jump,Take off,Dynamic,103.01,Conor Gallagher
2024-08-26,Jump,Land,Isometric,99.38,Conor Gallagher
2024-08-26,Jump,Land,Dynamic,105.57,Conor Gallagher
2024-08-26,Agility,Acceleration,Isometric,91.97,Timo Werner
2024-08-26,Agility,Acceleration,Dynamic,105.84,Timo Werner
2024-08-26,Sprint,Max velocity,Isometric,97.54,Timo Werner
2024-08-26,Sprint,Max velocity,Dynamic,98.45,Timo Werner
2024-08-26,Upper Body,Push,Isometric,103.39,Timo Werner
2024-08-26,Upper Body,Push,Dynamic,100.32,Timo Werner
2024-08-26,Upper Body,Pull,Isometric,102.84,Timo Werner
2024-08-26,Upper Body,Pull,Dynamic,97.54,Timo Werner
2024-08-26,Jump,Take off,Isometric,99.91,Timo Werner
2024-08-26,Jump,Take off,Dynamic,98.69,Timo Werner
2024-08-26,Jump,Land,Isometric,93.85,Timo Werner
2024-08-26,Jump,Land,Dynamic,91.69,Timo Werner
2024-08-26,Agility,Acceleration,Isometric,102.46,Olivier Giroud
2024-08-26,Agility,Acceleration,Dynamic,107.08,Olivier Giroud
2024-08-26,Sprint,Max velocity,Isometric,105.83,Olivier Giroud
2024-08-26,Sprint,Max velocity,Dynamic,105.49,Olivier Giroud
2024-08-26,Upper Body,Push,Isometric,96.61,Olivier Giroud
2024-08-26,Upper Body,Push,Dynamic,105.02,Olivier Giroud
2024-08-26,Upper Body,Pull,Isometric,95.64,Olivier Giroud
2024-08-26,Upper Body,Pull,Dynamic,105.26,Olivier Giroud
2024-08-26,Jump,Take off,Isometric,93.36,Olivier Giroud
2024-08-26,Jump,Take off,Dynamic,109.0,Olivier Giroud
2024-08-26,Jump,Land,Isometric,100.91,Olivier Giroud
2024-08-26,Jump,Land,Dynamic,102.58,Olivier Giroud
2024-08-26,Agility,Acceleration,Isometric,90.29,Tammy Abraham
2024-08-26,Agility,Acceleration,Dynamic,106.36,Tammy Abraham
2024-08-26,Sprint,Max velocity,Isometric,109.44,Tammy Abraham
2024-08-26,Sprint,Max velocity,Dynamic,109.06,Tammy Abraham
2024-08-26,Upper Body,Push,Isometric,95.81,Tammy Abraham
2024-08-26,Upper Body,Push,Dynamic,96.64,Tammy Abraham
2024-08-26,Upper Body,Pull,Isometric,92.65,Tammy Abraham
2024-08-26,Upper Body,Pull,Dynamic,99.74,Tammy Abraham
2024-08-26,Jump,Take off,Isometric,106.1,Tammy Abraham
2024-08-26,Jump,Take off,Dynamic,94.48,Tammy Abraham
2024-08-26,Jump,Land,Isometric,99.68,Tammy Abraham
2024-08-26,Jump,Land,Dynamic,92.95,Tammy Abraham
2024-08-26,Agility,Acceleration,Isometric,92.87,Armando Broja
2024-08-26,Agility,Acceleration,Dynamic,106.93,Armando Broja
2024-08-26,Sprint,Max velocity,Isometric,91.76,Armando Broja
2024-08-26,Sprint,Max velocity,Dynamic,95.79,Armando Broja
2024-08-26,Upper Body,Push,Isometric,97.94,Armando Broja
2024-08-26,Upper Body,Push,Dynamic,107.86,Armando Broja
2024-08-26,Upper Body,Pull,Isometric,106.14,Armando Broja
2024-08-26,Upper Body,Pull,Dynamic,96.76,Armando Broja
2024-08-26,Jump,Take off,Isometric,101.1,Armando Broja
2024-08-26,Jump,Take off,Dynamic,100.8,Armando Broja
2024-08-26,Jump,Land,Isometric,95.91,Armando Broja
2024-08-26,Jump,Land,Dynamic,106.6,Armando Broja
2024-08-26,Agility,Acceleration,Isometric,109.46,Ross Barkley
2024-08-26,Agility,Acceleration,Dynamic,96.09,Ross Barkley
2024-08-26,Sprint,Max velocity,Isometric,107.3,Ross Barkley
2024-08-26,Sprint,Max velocity,Dynamic,95.2,Ross Barkley
2024-08-26,Upper Body,Push,Isometric,97.39,Ross Barkley
2024-08-26,Upper Body,Push,Dynamic,95.48,Ross Barkley
2024-08-26,Upper Body,Pull,Isometric,96.18,Ross Barkley
2024-08-26,Upper Body,Pull,Dynamic,105.73,Ross Barkley
2024-08-26,Jump,Take off,Isometric,91.85,Ross Barkley
2024-08-26,Jump,Take off,Dynamic,91.31,Ross Barkley
2024-08-26,Jump,Land,Isometric,94.29,Ross Barkley
2024-08-26,Jump,Land,Dynamic,100.61,Ross Barkley
2024-08-26,Agility,Acceleration,Isometric,101.05,Callum Hudson-Odoi
2024-08-26,Agility,Acceleration,Dynamic,98.67,Callum Hudson-Odoi
2024-08-26,Sprint,Max velocity,Isometric,108.87,Callum Hudson-Odoi
2024-08-26,Sprint,Max velocity,Dynamic,105.81,Callum Hudson-Odoi
2024-08-26,Upper Body,Push,Isometric,98.13,Callum Hudson-Odoi
2024-08-26,Upper Body,Push,Dynamic,97.75,Callum Hudson-Odoi
2024-08-26,Upper Body,Pull,Isometric,109.86,Callum Hudson-Odoi
2024-08-26,Upper Body,Pull,Dynamic,102.03,Callum Hudson-Odoi
2024-08-26,Jump,Take off,Isometric,108.46,Callum Hudson-Odoi
2024-08-26,Jump,Take off,Dynamic,91.71,Callum Hudson-Odoi
2024-08-26,Jump,Land,Isometric,103.44,Callum Hudson-Odoi
2024-08-26,Jump,Land,Dynamic,105.67,Callum Hudson-Odoi
2024-08-26,Agility,Acceleration,Isometric,93.02,Emerson Palmieri
2024-08-26,Agility,Acceleration,Dynamic,93.12,Emerson Palmieri
2024-08-26,Sprint,Max velocity,Isometric,101.0,Emerson Palmieri
2024-08-26,Sprint,Max velocity,Dynamic,105.68,Emerson Palmieri
2024-08-26,Upper Body,Push,Isometric,98.57,Emerson Palmieri
2024-08-26,Upper Body,Push,Dynamic,95.97,Emerson Palmieri
2024-08-26,Upper Body,Pull,Isometric,96.33,Emerson Palmieri
2024-08-26,Upper Body,Pull,Dynamic,95.66,Emerson Palmieri
2024-08-26,Jump,Take off,Isometric,105.34,Emerson Palmieri
2024-08-26,Jump,Take off,Dynamic,106.45,Emerson Palmieri
2024-08-26,Jump,Land,Isometric,105.62,Emerson Palmieri
2024-08-26,Jump,Land,Dynamic,92.98,Emerson Palmieri
2024-08-26,Agility,Acceleration,Isometric,93.96,Ricardo Pereira
2024-08-26,Agility,Acceleration,Dynamic,107.98,Ricardo Pereira
2024-08-26,Sprint,Max velocity,Isometric,104.99,Ricardo Pereira
2024-08-26,Sprint,Max velocity,Dynamic,100.61,Ricardo Pereira
2024-08-26,Upper Body,Push,Isometric,100.65,Ricardo Pereira
2024-08-26,Upper Body,Push,Dynamic,101.6,Ricardo Pereira
2024-08-26,Upper Body,Pull,Isometric,93.18,Ricardo Pereira
2024-08-26,Upper Body,Pull,Dynamic,99.7,Ricardo Pereira
2024-08-26,Jump,Take off,Isometric,97.11,Ricardo Pereira
2024-08-26,Jump,Take off,Dynamic,100.43,Ricardo Pereira
2024-08-26,Jump,Land,Isometric,90.48,Ricardo Pereira
2024-08-26,Jump,Land,Dynamic,105.34,Ricardo Pereira
2024-08-26,Agility,Acceleration,Isometric,104.16,João Félix
2024-08-26,Agility,Acceleration,Dynamic,96.36,João Félix
2024-08-26,Sprint,Max velocity,Isometric,100.29,João Félix
2024-08-26,Sprint,Max velocity,Dynamic,107.36,João Félix
2024-08-26,Upper Body,Push,Isometric,105.97,João Félix
2024-08-26,Upper Body,Push,Dynamic,103.01,João Félix
2024-08-26,Upper Body,Pull,Isometric,94.26,João Félix
2024-08-26,Upper Body,Pull,Dynamic,101.65,João Félix
2024-08-26,Jump,Take off,Isometric,109.45,João Félix
2024-08-26,Jump,Take off,Dynamic,104.4,João Félix
2024-08-26,Jump,Land,Isometric,99.7,João Félix
2024-08-26,Jump,Land,Dynamic,109.89,João Félix
2024-08-26,Agility,Acceleration,Isometric,96.31,Hakim Ziyech
2024-08-26,Agility,Acceleration,Dynamic,104.34,Hakim Ziyech
2024-08-26,Sprint,Max velocity,Isometric,109.18,Hakim Ziyech
2024-08-26,Sprint,Max velocity,Dynamic,90.36,Hakim Ziyech
2024-08-26,Upper Body,Push,Isometric,108.41,Hakim Ziyech
2024-08-26,Upper Body,Push,Dynamic,104.32,Hakim Ziyech
2024-08-26,Upper Body,Pull,Isometric,107.9,Hakim Ziyech
2024-08-26,Upper Body,Pull,Dynamic,105.72,Hakim Ziyech
2024-08-26,Jump,Take off,Isometric,91.28,Hakim Ziyech
2024-08-26,Jump,Take off,Dynamic,95.62,Hakim Ziyech
2024-08-26,Jump,Land,Isometric,100.94,Hakim Ziyech
2024-08-26,Jump,Land,Dynamic,91.48,Hakim Ziyech
